[{"resourceId":4,"key":"f","keyCode":70,"event":"keyDown","courseId":"2","unixTimestamp":"1695713136671","clientId":"2df2e6fc-dac2-4706-ac1b-992fb3019343","personId":"2"},{"resourceId":4,"key":"d","keyCode":68,"event":"keyDown","courseId":"2","unixTimestamp":"1695713136692","clientId":"2df2e6fc-dac2-4706-ac1b-992fb3019343","personId":"2"},{"resourceId":4,"key":"d","keyCode":68,"event":"keyUp","courseId":"2","unixTimestamp":"1695713136784","clientId":"2df2e6fc-dac2-4706-ac1b-992fb3019343","personId":"2"},{"resourceId":4,"key":"g","keyCode":71,"event":"keyDown","courseId":"2","unixTimestamp":"1695713136794","clientId":"2df2e6fc-dac2-4706-ac1b-992fb3019343","personId":"2"},{"resourceId":4,"key":"f","keyCode":70,"event":"keyUp","courseId":"2","unixTimestamp":"1695713136802","clientId":"2df2e6fc-dac2-4706-ac1b-992fb3019343","personId":"2"},{"resourceId":4,"key":"f","keyCode":70,"event":"keyDown","courseId":"2","unixTimestamp":"1695713136927","clientId":"2df2e6fc-dac2-4706-ac1b-992fb3019343","personId":"2"},{"resourceId":4,"key":"g","keyCode":71,"event":"keyUp","courseId":"2","unixTimestamp":"1695713136936","clientId":"2df2e6fc-dac2-4706-ac1b-992fb3019343","personId":"2"},{"resourceId":4,"key":"d","keyCode":68,"event":"keyDown","courseId":"2","unixTimestamp":"1695713136951","clientId":"2df2e6fc-dac2-4706-ac1b-992fb3019343","personId":"2"},{"resourceId":4,"key":"d","keyCode":68,"event":"keyUp","courseId":"2","unixTimestamp":"1695713137192","clientId":"2df2e6fc-dac2-4706-ac1b-992fb3019343","personId":"2"},{"resourceId":4,"key":"g","keyCode":71,"event":"keyDown","courseId":"2","unixTimestamp":"1695713137200","clientId":"2df2e6fc-dac2-4706-ac1b-992fb3019343","personId":"2"},{"resourceId":4,"key":"f","keyCode":70,"event":"keyUp","courseId":"2","unixTimestamp":"1695713137215","clientId":"2df2e6fc-dac2-4706-ac1b-992fb3019343","personId":"2"},{"resourceId":4,"key":" ","keyCode":32,"event":"keyDown","courseId":"2","unixTimestamp":"1695713137248","clientId":"2df2e6fc-dac2-4706-ac1b-992fb3019343","personId":"2"},{"resourceId":4,"key":"g","keyCode":71,"event":"keyUp","courseId":"2","unixTimestamp":"1695713137285","clientId":"2df2e6fc-dac2-4706-ac1b-992fb3019343","personId":"2"},{"resourceId":4,"key":" ","keyCode":32,"event":"keyUp","courseId":"2","unixTimestamp":"1695713137438","clientId":"2df2e6fc-dac2-4706-ac1b-992fb3019343","personId":"2"},{"resourceId":4,"key":"f","keyCode":70,"event":"keyDown","courseId":"2","unixTimestamp":"1695713137458","clientId":"2df2e6fc-dac2-4706-ac1b-992fb3019343","personId":"2"},{"resourceId":4,"key":"d","keyCode":68,"event":"keyDown","courseId":"2","unixTimestamp":"1695713137466","clientId":"2df2e6fc-dac2-4706-ac1b-992fb3019343","personId":"2"},{"resourceId":4,"key":" ","keyCode":32,"event":"keyDown","courseId":"2","unixTimestamp":"1695713137601","clientId":"2df2e6fc-dac2-4706-ac1b-992fb3019343","personId":"2"},{"resourceId":4,"key":"d","keyCode":68,"event":"keyUp","courseId":"2","unixTimestamp":"1695713137616","clientId":"2df2e6fc-dac2-4706-ac1b-992fb3019343","personId":"2"},{"resourceId":4,"key":"f","keyCode":70,"event":"keyUp","courseId":"2","unixTimestamp":"1695713137631","clientId":"2df2e6fc-dac2-4706-ac1b-992fb3019343","personId":"2"},{"resourceId":4,"key":"g","keyCode":71,"event":"keyDown","courseId":"2","unixTimestamp":"1695713137648","clientId":"2df2e6fc-dac2-4706-ac1b-992fb3019343","personId":"2"},{"resourceId":4,"key":" ","keyCode":32,"event":"keyUp","courseId":"2","unixTimestamp":"1695713137694","clientId":"2df2e6fc-dac2-4706-ac1b-992fb3019343","personId":"2"},{"resourceId":4,"key":"f","keyCode":70,"event":"keyDown","courseId":"2","unixTimestamp":"1695713137736","clientId":"2df2e6fc-dac2-4706-ac1b-992fb3019343","personId":"2"},{"resourceId":4,"key":"g","keyCode":71,"event":"keyUp","courseId":"2","unixTimestamp":"1695713137777","clientId":"2df2e6fc-dac2-4706-ac1b-992fb3019343","personId":"2"},{"resourceId":4,"key":"d","keyCode":68,"event":"keyDown","courseId":"2","unixTimestamp":"1695713137785","clientId":"2df2e6fc-dac2-4706-ac1b-992fb3019343","personId":"2"},{"resourceId":4,"key":"f","keyCode":70,"event":"keyUp","courseId":"2","unixTimestamp":"1695713137892","clientId":"2df2e6fc-dac2-4706-ac1b-992fb3019343","personId":"2"},{"resourceId":4,"key":"g","keyCode":71,"event":"keyDown","courseId":"2","unixTimestamp":"1695713137904","clientId":"2df2e6fc-dac2-4706-ac1b-992fb3019343","personId":"2"},{"resourceId":4,"key":"d","keyCode":68,"event":"keyUp","courseId":"2","unixTimestamp":"1695713137914","clientId":"2df2e6fc-dac2-4706-ac1b-992fb3019343","personId":"2"},{"resourceId":4,"key":" ","keyCode":32,"event":"keyDown","courseId":"2","unixTimestamp":"1695713137922","clientId":"2df2e6fc-dac2-4706-ac1b-992fb3019343","personId":"2"},{"resourceId":4,"key":" ","keyCode":32,"event":"keyUp","courseId":"2","unixTimestamp":"1695713137971","clientId":"2df2e6fc-dac2-4706-ac1b-992fb3019343","personId":"2"},{"resourceId":4,"key":"d","keyCode":68,"event":"keyDown","courseId":"2","unixTimestamp":"1695713138038","clientId":"2df2e6fc-dac2-4706-ac1b-992fb3019343","personId":"2"},{"resourceId":4,"key":"g","keyCode":71,"event":"keyUp","courseId":"2","unixTimestamp":"1695713138056","clientId":"2df2e6fc-dac2-4706-ac1b-992fb3019343","personId":"2"},{"resourceId":4,"key":"f","keyCode":70,"event":"keyDown","courseId":"2","unixTimestamp":"1695713138063","clientId":"2df2e6fc-dac2-4706-ac1b-992fb3019343","personId":"2"},{"resourceId":4,"key":" ","keyCode":32,"event":"keyDown","courseId":"2","unixTimestamp":"1695713138082","clientId":"2df2e6fc-dac2-4706-ac1b-992fb3019343","personId":"2"},{"resourceId":4,"key":"f","keyCode":70,"event":"keyUp","courseId":"2","unixTimestamp":"1695713138111","clientId":"2df2e6fc-dac2-4706-ac1b-992fb3019343","personId":"2"},{"resourceId":4,"key":"d","keyCode":68,"event":"keyUp","courseId":"2","unixTimestamp":"1695713138126","clientId":"2df2e6fc-dac2-4706-ac1b-992fb3019343","personId":"2"},{"resourceId":4,"key":"g","keyCode":71,"event":"keyDown","courseId":"2","unixTimestamp":"1695713138159","clientId":"2df2e6fc-dac2-4706-ac1b-992fb3019343","personId":"2"},{"resourceId":4,"key":" ","keyCode":32,"event":"keyUp","courseId":"2","unixTimestamp":"1695713138207","clientId":"2df2e6fc-dac2-4706-ac1b-992fb3019343","personId":"2"},{"resourceId":4,"key":"g","keyCode":71,"event":"keyUp","courseId":"2","unixTimestamp":"1695713138288","clientId":"2df2e6fc-dac2-4706-ac1b-992fb3019343","personId":"2"}]